{
  "timestamp": "2025-11-14T17:14:20.213576",
  "season": 2024,
  "players": [
    {
      "player": "Stephen_Curry",
      "games": 82,
      "avg_pts": 23.853658536585368,
      "avg_reb": 4.024390243902439,
      "avg_ast": 4.621951219512195,
      "avg_min": 29.5,
      "avg_stl": 0.6585365853658537,
      "avg_blk": 0.34146341463414637,
      "posterior_center": [
        23.853658536585368,
        4.024390243902439,
        4.621951219512195,
        0.6585365853658537,
        0.34146341463414637,
        29.5
      ],
      "posterior_sigma": [
        [
          145.0400481782596,
          15.151761517615169,
          9.252634748569704,
          2.529659741041856,
          0.7295995182174045,
          96.03703703703704
        ],
        [
          15.151761517615169,
          6.888286660644383,
          2.058717253839204,
          0.2800361336946703,
          0.3125564588979223,
          15.481481481481486
        ],
        [
          9.252634748569704,
          2.058717253839204,
          7.620746763023182,
          0.7828967178560672,
          0.27883167720566093,
          16.166666666666675
        ],
        [
          2.529659741041856,
          0.2800361336946703,
          0.7828967178560672,
          0.7461607949412824,
          0.06865401987353204,
          2.4074074074074066
        ],
        [
          0.7295995182174045,
          0.3125564588979223,
          0.27883167720566093,
          0.06865401987353204,
          0.3757904245709121,
          1.0864197530864192
        ],
        [
          96.03703703703704,
          15.481481481481486,
          16.166666666666675,
          2.4074074074074066,
          1.0864197530864192,
          108.32716049382715
        ]
      ],
      "region_alpha": 0.8,
      "region_dim": 6,
      "avg_pts_percentile": 40.0,
      "avg_reb_percentile": 20.0,
      "avg_ast_percentile": 20.0,
      "avg_min_percentile": 20.0,
      "avg_stl_percentile": 20.0,
      "avg_blk_percentile": 20.0
    },
    {
      "player": "LeBron_James",
      "games": 82,
      "avg_pts": 22.21951219512195,
      "avg_reb": 6.317073170731708,
      "avg_ast": 7.182926829268292,
      "avg_min": 30.585365853658537,
      "avg_stl": 1.0853658536585367,
      "avg_blk": 0.4634146341463415,
      "posterior_center": [
        22.21951219512195,
        6.317073170731708,
        7.182926829268292,
        1.0853658536585367,
        0.4634146341463415,
        30.585365853658537
      ],
      "posterior_sigma": [
        [
          115.72899728997285,
          24.13941583860283,
          25.7865100873231,
          5.326708822643782,
          2.279735019572417,
          119.70942487202647
        ],
        [
          24.13941583860283,
          15.577235772357719,
          8.18819632640771,
          0.8861788617886177,
          0.19692863595302618,
          34.57753688647996
        ],
        [
          25.7865100873231,
          8.18819632640771,
          14.966124661246617,
          1.9841915085817523,
          0.35862691960252935,
          36.61999397771754
        ],
        [
          5.326708822643782,
          0.8861788617886177,
          1.9841915085817523,
          1.5852152965974082,
          0.1698283649503163,
          6.7518819632640765
        ],
        [
          2.279735019572417,
          0.19692863595302618,
          0.35862691960252935,
          0.1698283649503163,
          0.47395362842517286,
          2.984643179765129
        ],
        [
          119.70942487202647,
          34.57753688647996,
          36.61999397771754,
          6.7518819632640765,
          2.984643179765129,
          165.67780788918995
        ]
      ],
      "region_alpha": 0.8,
      "region_dim": 6,
      "avg_pts_percentile": 20.0,
      "avg_reb_percentile": 40.0,
      "avg_ast_percentile": 60.0,
      "avg_min_percentile": 40.0,
      "avg_stl_percentile": 60.0,
      "avg_blk_percentile": 60.0
    },
    {
      "player": "Nikola_Jokic",
      "games": 82,
      "avg_pts": 25.426829268292682,
      "avg_reb": 11.902439024390244,
      "avg_ast": 8.634146341463415,
      "avg_min": 33.3780487804878,
      "avg_stl": 1.3170731707317074,
      "avg_blk": 0.8292682926829268,
      "posterior_center": [
        25.426829268292682,
        11.902439024390244,
        8.634146341463415,
        1.3170731707317074,
        0.8292682926829268,
        33.3780487804878
      ],
      "posterior_sigma": [
        [
          88.98840710629328,
          21.227341162300515,
          9.244504667268895,
          2.603733815115929,
          0.14784703402589583,
          52.99713941583861
        ],
        [
          21.227341162300515,
          19.447154471544717,
          5.334236675700089,
          0.8461306835290574,
          -0.029208069858476415,
          21.407708521529656
        ],
        [
          9.244504667268895,
          5.334236675700089,
          14.23486901535682,
          1.0680517916290277,
          0.9491117133393561,
          13.43631436314363
        ],
        [
          2.603733815115929,
          0.8461306835290574,
          1.0680517916290277,
          1.577235772357724,
          0.005420054200542001,
          2.7922312556458877
        ],
        [
          0.14784703402589583,
          -0.029208069858476415,
          0.9491117133393561,
          0.005420054200542001,
          0.8593797049081593,
          0.9295392953929539
        ],
        [
          52.99713941583861,
          21.407708521529656,
          13.43631436314363,
          2.7922312556458877,
          0.9295392953929539,
          65.7195121951219
        ]
      ],
      "region_alpha": 0.8,
      "region_dim": 6,
      "avg_pts_percentile": 60.0,
      "avg_reb_percentile": 100.0,
      "avg_ast_percentile": 100.0,
      "avg_min_percentile": 100.0,
      "avg_stl_percentile": 100.0,
      "avg_blk_percentile": 80.0
    },
    {
      "player": "Giannis_Antetokounmpo",
      "games": 82,
      "avg_pts": 27.097560975609756,
      "avg_reb": 10.25609756097561,
      "avg_ast": 5.804878048780488,
      "avg_min": 31.353658536585368,
      "avg_stl": 1.0609756097560976,
      "avg_blk": 0.9634146341463414,
      "posterior_center": [
        27.097560975609756,
        10.25609756097561,
        5.804878048780488,
        1.0609756097560976,
        0.9634146341463414,
        31.353658536585368
      ],
      "posterior_sigma": [
        [
          165.57061126166818,
          43.44384221619993,
          17.056308340861182,
          5.6482987052092755,
          2.411020776874436,
          124.66877446552246
        ],
        [
          43.44384221619993,
          25.60027100271002,
          7.593797049081602,
          1.6385124962360733,
          1.9477566997892195,
          45.241644083107495
        ],
        [
          17.056308340861182,
          7.593797049081602,
          12.677506775067755,
          1.2589581451370069,
          0.9063535079795243,
          25.98343872327612
        ],
        [
          5.6482987052092755,
          1.6385124962360733,
          1.2589581451370069,
          1.4159891598915981,
          0.23682625715146038,
          5.175700090334237
        ],
        [
          2.411020776874436,
          1.9477566997892195,
          0.9063535079795243,
          0.23682625715146038,
          1.1467931345980125,
          3.9390243902439015
        ],
        [
          124.66877446552246,
          45.241644083107495,
          25.98343872327612,
          5.175700090334237,
          3.9390243902439015,
          141.63881361035834
        ]
      ],
      "region_alpha": 0.8,
      "region_dim": 6,
      "avg_pts_percentile": 80.0,
      "avg_reb_percentile": 80.0,
      "avg_ast_percentile": 40.0,
      "avg_min_percentile": 60.0,
      "avg_stl_percentile": 40.0,
      "avg_blk_percentile": 100.0
    },
    {
      "player": "Luka_Doncic",
      "games": 82,