{
  "player_id": "Giannis_Antetokounmpo",
  "center": [
    27.097560975609756,
    10.25609756097561,
    5.804878048780488,
    1.0609756097560976,
    0.9634146341463414,
    31.353658536585368
  ],
  "alpha": 0.8,
  "dimension": 6
}