{
  "player_id": "LeBron_James",
  "center": [
    22.21951219512195,
    6.317073170731708,
    7.182926829268292,
    1.0853658536585367,
    0.4634146341463415,
    30.585365853658537
  ],
  "alpha": 0.8,
  "dimension": 6
}