{
  "player_id": "Luka_Doncic",
  "center": [
    28.902439024390244,
    7.890243902439025,
    8.365853658536585,
    1.2073170731707317,
    0.4634146341463415,
    32.0
  ],
  "alpha": 0.8,
  "dimension": 6
}