{
  "player_id": "Nikola_Jokic",
  "center": [
    25.426829268292682,
    11.902439024390244,
    8.634146341463415,
    1.3170731707317074,
    0.8292682926829268,
    33.3780487804878
  ],
  "alpha": 0.8,
  "dimension": 6
}