{
  "player_id": "Stephen_Curry",
  "center": [
    23.853658536585368,
    4.024390243902439,
    4.621951219512195,
    0.6585365853658537,
    0.34146341463414637,
    29.5
  ],
  "alpha": 0.8,
  "dimension": 6
}